{"cameraMode":{"drawMode":0,"name":"Shaded","section":"Shading Mode"},"sceneLighting":true,"audioPlay":false,"sceneViewState":{"m_AlwaysRefresh":false,"showFog":true,"showSkybox":true,"showFlares":true,"showImageEffects":true,"showParticleSystems":true,"showVisualEffectGraphs":true,"m_FxEnabled":true},"in2DMode":false,"pivot":{"x":104.35594940185547,"y":73.03511047363281,"z":-285.7712097167969},"rotation":{"x":0.003800028469413519,"y":0.2111138552427292,"z":0.0008351264987140894,"w":-0.9774707555770874},"size":34.86981201171875,"orthographic":false}